Filename,Genotype,SubjLabel,SubjNum,dob,gender,handedness,race,ethnicity,weight,height
/projects/moush/jacob/ITGB3/ITGB3_Images/Distortion_Corrected/ITGB3_007.jan2011_distortion_corrected.mnc,WT,ITGB3_007,206,,,,,ITGB3,,
/projects/moush/jacob/ITGB3/ITGB3_Images/Distortion_Corrected/ITGB3_008.jan2011_distortion_corrected.mnc,WT,ITGB3_008,207,,,,,ITGB3,,
/projects/moush/jacob/ITGB3/ITGB3_Images/Distortion_Corrected/ITGB3_009.jan2011_distortion_corrected.mnc,KO,ITGB3_009,208,,,,,ITGB3,,
/projects/moush/jacob/ITGB3/ITGB3_Images/Distortion_Corrected/ITGB3_010.jan2011_distortion_corrected.mnc,KO,ITGB3_010,209,,,,,ITGB3,,
/projects/moush/jacob/ITGB3/ITGB3_Images/Distortion_Corrected/ITGB3_011.jan2011_distortion_corrected.mnc,KO,ITGB3_011,210,,,,,ITGB3,,
/projects/moush/jacob/ITGB3/ITGB3_Images/Distortion_Corrected/ITGB3_012.jan2011_distortion_corrected.mnc,KO,ITGB3_012,211,,,,,ITGB3,,
/projects/moush/jacob/ITGB3/ITGB3_Images/Distortion_Corrected/ITGB3_013.jan2011_distortion_corrected.mnc,WT,ITGB3_013,212,,,,,ITGB3,,
/projects/moush/jacob/ITGB3/ITGB3_Images/Distortion_Corrected/ITGB3_014.jan2011_distortion_corrected.mnc,WT,ITGB3_014,213,,,,,ITGB3,,
/projects/moush/jacob/ITGB3/ITGB3_Images/Distortion_Corrected/ITGB3_015.jan2011_distortion_corrected.mnc,WT,ITGB3_015,214,,,,,ITGB3,,
/projects/moush/jacob/ITGB3/ITGB3_Images/Distortion_Corrected/ITGB3_016.jan2011_distortion_corrected.mnc,WT,ITGB3_016,215,,,,,ITGB3,,
/projects/moush/jacob/ITGB3/ITGB3_Images/Distortion_Corrected/ITGB3_017.jan2011_distortion_corrected.mnc,KO,ITGB3_017,216,,,,,ITGB3,,
/projects/moush/jacob/ITGB3/ITGB3_Images/Distortion_Corrected/ITGB3_018.jan2011_distortion_corrected.mnc,KO,ITGB3_018,217,,,,,ITGB3,,
/projects/moush/jacob/ITGB3/ITGB3_Images/Distortion_Corrected/ITGB3_019.jan2011_distortion_corrected.mnc,WT,ITGB3_019,218,,,,,ITGB3,,
/projects/moush/jacob/ITGB3/ITGB3_Images/Distortion_Corrected/ITGB3_020.jan2011_distortion_corrected.mnc,WT,ITGB3_020,219,,,,,ITGB3,,
/projects/moush/jacob/ITGB3/ITGB3_Images/Distortion_Corrected/ITGB3_021.jan2011_distortion_corrected.mnc,KO,ITGB3_021,220,,,,,ITGB3,,
/projects/moush/jacob/ITGB3/ITGB3_Images/Distortion_Corrected/ITGB3_022.jan2011_distortion_corrected.mnc,KO,ITGB3_022,221,,,,,ITGB3,,
/projects/moush/jacob/ITGB3/ITGB3_Images/Distortion_Corrected/ITGB3_023.jan2011_distortion_corrected.mnc,WT,ITGB3_023,222,,,,,ITGB3,,
/projects/moush/jacob/ITGB3/ITGB3_Images/Distortion_Corrected/ITGB3_001.jan2011_distortion_corrected.mnc,WT,ITGB3_001,201,,,,,ITGB3,,
/projects/moush/jacob/ITGB3/ITGB3_Images/Distortion_Corrected/ITGB3_002.jan2011_distortion_corrected.mnc,WT,ITGB3_002,202,,,,,ITGB3,,
/projects/moush/jacob/ITGB3/ITGB3_Images/Distortion_Corrected/ITGB3_003.jan2011_distortion_corrected.mnc,KO,ITGB3_003,203,,,,,ITGB3,,
/projects/moush/jacob/ITGB3/ITGB3_Images/Distortion_Corrected/ITGB3_004.jan2011_distortion_corrected.mnc,KO,ITGB3_004,204,,,,,ITGB3,,
/projects/moush/jacob/ITGB3/ITGB3_Images/Distortion_Corrected/ITGB3_006.jan2011_distortion_corrected.mnc,KO,ITGB3_006,205,,,,,ITGB3,,
